<?xml version="1.0" encoding="UTF-8" standalone="no"?>
<views xmlns="http://schemas.haulmont.com/cuba/view.xsd">
    <view class="com.company.video4.entity.Order"
          extends="_local"
          name="order-with-customer">
        <property name="customer"
                  view="_minimal"/>
        <property name="lines"
                  view="_local"/>
    </view>
    <view class="com.company.video4.entity.OrderLine"
          extends="_local"
          name="orderLine-view-product">
        <property name="product"
                  view="_local"/>
    </view>
    <view class="com.company.video4.entity.Order"
          extends="_local"
          name="order-edit">
        <property name="lines"
                  view="orderLine-view-product"/>
        <property name="customer"
                  view="_minimal"/>
    </view>
</views>
