<?xml version="1.0" encoding="UTF-8" standalone="no"?>
<window xmlns="http://schemas.haulmont.com/cuba/window.xsd"
        caption="msg://editorCaption"
        class="com.company.bicycleapps1.web.sparepart.SparePartEdit"
        datasource="sparePartDs"
        focusComponent="fieldGroup"
        messagesPack="com.company.bicycleapps1.web.sparepart">
    <dsContext>
        <datasource id="sparePartDs"
                    class="com.company.bicycleapps1.entity.SparePart"
                    view="_local"/>
    </dsContext>
    <dialogMode height="600"
                width="800"/>
    <layout expand="windowActions"
            spacing="true">
        <fieldGroup id="fieldGroup"
                    datasource="sparePartDs">
            <column width="250px">
                <field property="title"/>
                <field property="description"
                       rows="5"/>
                <field property="prive"/>
            </column>
        </fieldGroup>
        <frame id="windowActions"
               screen="editWindowActions"/>
    </layout>
</window>
