<?xml version="1.0" encoding="UTF-8" standalone="no"?>
<window xmlns="http://schemas.haulmont.com/cuba/window.xsd"
        caption="msg://browseCaption"
        class="com.company.bicycleapps1.web.sparepart.SparePartBrowse"
        focusComponent="sparePartsTable"
        lookupComponent="sparePartsTable"
        messagesPack="com.company.bicycleapps1.web.sparepart">
    <dsContext>
        <groupDatasource id="sparePartsDs"
                         class="com.company.bicycleapps1.entity.SparePart"
                         view="_local">
            <query>
                <![CDATA[select e from bicycleapps1$SparePart e]]>
            </query>
        </groupDatasource>
    </dsContext>
    <dialogMode height="600"
                width="800"/>
    <layout expand="sparePartsTable"
            spacing="true">
        <filter id="filter"
                applyTo="sparePartsTable"
                datasource="sparePartsDs">
            <properties include=".*"/>
        </filter>
        <groupTable id="sparePartsTable"
                    width="100%">
            <actions>
                <action id="create"/>
                <action id="edit"/>
                <action id="remove"/>
            </actions>
            <columns>
                <column id="title"/>
                <column id="description"/>
                <column id="prive"/>
            </columns>
            <rows datasource="sparePartsDs"/>
            <rowsCount/>
            <buttonsPanel id="buttonsPanel"
                          alwaysVisible="true">
                <button id="createBtn"
                        action="sparePartsTable.create"/>
                <button id="editBtn"
                        action="sparePartsTable.edit"/>
                <button id="removeBtn"
                        action="sparePartsTable.remove"/>
            </buttonsPanel>
        </groupTable>
    </layout>
</window>
