<?xml version="1.0" encoding="UTF-8" standalone="no"?>
<window xmlns="http://schemas.haulmont.com/cuba/window.xsd"
        caption="msg://editorCaption"
        class="com.company.bicycleapps1.web.mechanics.MechanicsEdit"
        datasource="mechanicsDs"
        focusComponent="fieldGroup"
        messagesPack="com.company.bicycleapps1.web.mechanics">
    <dsContext>
        <datasource id="mechanicsDs"
                    class="com.company.bicycleapps1.entity.Mechanics"
                    view="mechanics-view"/>
    </dsContext>
    <dialogMode height="600"
                width="800"/>
    <layout expand="windowActions"
            spacing="true">
        <fieldGroup id="fieldGroup"
                    datasource="mechanicsDs">
            <column width="250px">
                <field property="user"/>
                <field property="hourlyRate"/>
            </column>
        </fieldGroup>
        <frame id="windowActions"
               screen="editWindowActions"/>
    </layout>
</window>
