<?xml version="1.0" encoding="UTF-8" standalone="no"?>
<window xmlns="http://schemas.haulmont.com/cuba/window.xsd"
        caption="msg://editorCaption"
        class="com.company.video4.web.orderline.OrderLineEdit"
        datasource="orderLineDs"
        focusComponent="fieldGroup"
        messagesPack="com.company.video4.web.orderline">
    <dsContext>
        <datasource id="orderLineDs"
                    class="com.company.video4.entity.OrderLine"
                    view="orderLine-view-product"/>
    </dsContext>
    <dialogMode height="600"
                width="800"/>
    <layout expand="windowActions"
            spacing="true">
        <fieldGroup id="fieldGroup"
                    datasource="orderLineDs">
            <column width="250px">
                <field property="product"/>
                <field property="quantity"/>
            </column>
        </fieldGroup>
        <frame id="windowActions"
               screen="editWindowActions"/>
    </layout>
</window>
