<?xml version="1.0" encoding="UTF-8" standalone="no"?>
<window xmlns="http://schemas.haulmont.com/cuba/window.xsd"
        caption="msg://editorCaption"
        class="com.company.video4.web.order.OrderEdit"
        datasource="orderDs"
        focusComponent="fieldGroup"
        messagesPack="com.company.video4.web.order">
    <dsContext>
        <datasource id="orderDs"
                    class="com.company.video4.entity.Order"
                    view="order-edit">
            <collectionDatasource id="linesDs"
                                  property="lines"/>
        </datasource>
        <collectionDatasource id="customersDs"
                              class="com.company.video4.entity.Customer"
                              view="_minimal">
            <query>
                <![CDATA[select e from video4$Customer e]]>
            </query>
        </collectionDatasource>
    </dsContext>
    <dialogMode height="600"
                width="800"/>
    <layout expand="windowActions"
            spacing="true">
        <fieldGroup id="fieldGroup"
                    datasource="orderDs">
            <column width="250px">
                <field property="date"/>
                <field property="amount"/>
                <field optionsDatasource="customersDs"
                       property="customer"/>
            </column>
        </fieldGroup>
        <groupBox id="linesBox"
                  caption="msg://com.company.video4.entity/Order.lines">
            <table id="linesTable"
                   height="200px"
                   width="100%">
                <actions>
                    <action id="create"/>
                    <action id="edit"/>
                    <action id="remove"/>
                </actions>
                <columns>
                    <column id="product.name"/>
                    <column id="product.price"/>
                    <column id="quantity"/>
                </columns>
                <rows datasource="linesDs"/>
                <buttonsPanel>
                    <button action="linesTable.create"/>
                    <button action="linesTable.edit"/>
                    <button action="linesTable.remove"/>
                </buttonsPanel>
            </table>
        </groupBox>
        <frame id="windowActions"
               screen="editWindowActions"/>
    </layout>
</window>
