<?xml version="1.0" encoding="UTF-8" standalone="no"?>
<window xmlns="http://schemas.haulmont.com/cuba/window.xsd"
        caption="msg://editorCaption"
        class="com.company.video4.web.product.ProductEdit"
        datasource="productDs"
        focusComponent="fieldGroup"
        messagesPack="com.company.video4.web.product">
    <dsContext>
        <datasource id="productDs"
                    class="com.company.video4.entity.Product"
                    view="_local"/>
    </dsContext>
    <dialogMode height="600"
                width="800"/>
    <layout expand="windowActions"
            spacing="true">
        <fieldGroup id="fieldGroup"
                    datasource="productDs">
            <column width="250px">
                <field property="name"/>
                <field property="price"/>
            </column>
        </fieldGroup>
        <frame id="windowActions"
               screen="editWindowActions"/>
    </layout>
</window>
