<?xml version="1.0" encoding="UTF-8" standalone="no"?>
<window xmlns="http://schemas.haulmont.com/cuba/window.xsd"
        caption="msg://editorCaption"
        class="com.company.bicycleapps1.web.oder.OderEdit"
        datasource="oderDs"
        focusComponent="fieldGroup"
        messagesPack="com.company.bicycleapps1.web.oder">
    <dsContext>
        <datasource id="oderDs"
                    class="com.company.bicycleapps1.entity.Oder"
                    view="oder-view"/>
    </dsContext>
    <dialogMode height="600"
                width="800"/>
    <layout expand="windowActions"
            spacing="true">
        <fieldGroup id="fieldGroup"
                    datasource="oderDs">
            <column width="250px">
                <field property="client"/>
                <field property="mechanics"/>
                <field property="description"
                       rows="5"/>
                <field property="hoursSpent"/>
                <field property="amount"/>
                <field property="parts"/>
                <field property="status"/>
            </column>
        </fieldGroup>
        <frame id="windowActions"
               screen="editWindowActions"/>
    </layout>
</window>
